<?xml version="1.0" encoding="ISO-8859-1" ?>

<!DOCTYPE struts-config PUBLIC
          "-//Apache Software Foundation//DTD Struts Configuration 1.3//EN"
          "http://struts.apache.org/dtds/struts-config_1_3.dtd">


<struts-config>


<!-- ================================================ Form Bean Definitions -->

    <form-beans>
    <!-- sample form bean descriptor for an ActionForm
        <form-bean
            name="inputForm"
            type="app.InputForm"/>
    end sample -->

    <!-- sample form bean descriptor for a DynaActionForm
        <form-bean
            name="logonForm"
            type="org.apache.struts.action.DynaActionForm">
            <form-property
                name="username"
                type="java.lang.String"/>
            <form-property
                name="password"
                type="java.lang.String"/>
       </form-bean>
    end sample -->

	    <!--TestProgram-->
	    <form-bean name="test_loginForm2" type="test.LoginForm2" />
	    <form-bean name="login_loginForm2" type="login.LoginForm2" />
	    <form-bean name="login_loginForm3" type="org.apache.struts.action.DynaActionForm">
	      <form-property name="id" type="java.lang.Integer" initial="0" />
	      <form-property name="password" type="java.lang.String" />
	      <form-property name="list" type="java.lang.String[]" initial="'606','0802'" />
	    </form-bean>

    </form-beans>


<!-- ========================================= Global Exception Definitions -->

    <global-exceptions>
        <!-- sample exception handler
        <exception
            key="expired.password"
            type="app.ExpiredPasswordException"
            path="/changePassword.jsp"/>
        end sample -->
    </global-exceptions>


<!-- =========================================== Global Forward Definitions -->

    <global-forwards>
        <!-- Default forward to "Welcome" action -->
        <!-- Demonstrates using index.jsp to forward -->
        <forward
            name="welcome"
            path="/Welcome.do"/>
        
        <forward name="global" path="/jsp/tag/beanDefine.jsp" />
    </global-forwards>


<!-- =========================================== Action Mapping Definitions -->

    <action-mappings>
            <!-- Default "Welcome" action -->
            <!-- Forwards to Welcome.jsp -->
        <action
            path="/Welcome"
            forward="/pages/Welcome.jsp"/>

    <!-- sample input and input submit actions

        <action
            path="/Input"
            type="org.apache.struts.actions.ForwardAction"
            parameter="/pages/Input.jsp"/>

        <action
            path="/InputSubmit"
            type="app.InputAction"
            name="inputForm"
            scope="request"
            validate="true"
            input="/pages/Input.jsp"/>

            <action
                path="/edit*"
                type="app.Edit{1}Action"
                name="inputForm"
                scope="request"
                validate="true"
                input="/pages/Edit{1}.jsp"/>

    end samples -->

	    <!--TestProgram-->
	    
	    <action path="/test/login" type="test.LoginAction2" name="test_loginForm2" scope="request" validate="true" input="/web/test/loginForm.html">
	      <forward name="success" path="/WEB-INF/jsp/test/success.jsp" />
	    </action>
	    
	    <action path="/login/login" type="login.LoginAction" name="login_loginForm" scope="request" validate="true" input="/jsp/login/Login.jsp">
	      <forward name="success" path="/jsp/login/Success.jsp" />
	    </action>
	    
	    <action path="/login/login2" type="login.LoginAction2" name="login_loginForm2" scope="request" validate="true" input="/jsp/login/Login2.jsp">
	      <forward name="success" path="/jsp/login/Success2.jsp" />
	    </action>
	    
	    <action path="/login/login3" type="login.LoginAction3" name="login_loginForm3" scope="request" validate="true" input="/jsp/login/Login3.jsp">
	      <forward name="success" path="/jsp/login/Success3.jsp" />
	    </action>
	    
	    <action path="/tiles/layoutTest" type="org.apache.struts.actions.ForwardAction" parameter="layoutTest" />
	    
	    <action path="/tiles/TestTiles" type="tiles.TestTilesAction">
            <forward name="test" path="main" />
        </action>
        <action path="/tiles/TestTiles2" forward="main" />        
        <action path="/tiles/TestTiles3" forward="main2" />

    </action-mappings>


<!-- ======================================== Message Resources Definitions -->

    <message-resources parameter="MessageResources" />
    
    <message-resources parameter="test.Messagee" />
    
    <message-resources parameter="login.Login" />


<!-- =============================================== Plug Ins Configuration -->

  <!-- ======================================================= Tiles plugin -->  
    <plug-in className="org.apache.struts.tiles.TilesPlugin" >
      <set-property property="definitions-config" value="/WEB-INF/tiles-defs.xml" />
    </plug-in>


  <!-- =================================================== Validator plugin -->

  <plug-in className="org.apache.struts.validator.ValidatorPlugIn">
    <set-property
        property="pathnames"
        value="/org/apache/struts/validator/validator-rules.xml,
               /WEB-INF/validation.xml"/>
  </plug-in>

</struts-config>

